chapter,label,sheet
Galus Sejarah T1 Bab 1,.,Jawapan Praktik Galus UASA Sejarah T1 Bab 1.csv
Galus Sejarah T1 Bab 2,.,Jawapan Praktik Galus UASA Sejarah T1 Bab 2.csv
Galus Sejarah T1 Bab 3,.,Jawapan Praktik Galus UASA Sejarah T1 Bab 3.csv
Galus Sejarah T1 Bab 4,.,Jawapan Praktik Galus UASA Sejarah T1 Bab 4.csv
Galus Sejarah T1 Bab 5,.,Jawapan Praktik Galus UASA Sejarah T1 Bab 5.csv
Galus Sejarah T1 Bab 6,.,Jawapan Praktik Galus UASA Sejarah T1 Bab 6.csv
Galus Sejarah T1 Bab 7,.,Jawapan Praktik Galus UASA Sejarah T1 Bab 7.csv
Galus Sejarah T1 Bab 8,.,Jawapan Praktik Galus UASA Sejarah T1 Bab 8.csv
Inovasi Sejarah T1 Bab 1,.,Jawapan Inovasi APlus T1 Bab 1.csv
Inovasi Sejarah T1 Bab 2,.,Jawapan Inovasi APlus T1 Bab 2.csv
Inovasi Sejarah T1 Bab 3,.,Jawapan Inovasi APlus T1 Bab 3.csv
Inovasi Sejarah T1 Bab 4,.,Jawapan Inovasi APlus T1 Bab 4.csv
Inovasi Sejarah T1 Bab 5,.,Jawapan Inovasi APlus T1 Bab 5.csv
Inovasi Sejarah T1 Bab 6,.,Jawapan Inovasi APlus T1 Bab 6.csv
Inovasi Sejarah T1 Bab 7,.,Jawapan Inovasi APlus T1 Bab 7.csv
Inovasi Sejarah T1 Bab 8,.,Jawapan Inovasi APlus T1 Bab 8.csv
Inovasi Sejarah T1 Kertas Model UASA,.,Jawapan Inovasi APlus T1 Kertas Model UASA.csv
